date,author,team,text
2026-07-06,Aisha,Platform,"Paired with the team on rate limiter, tests are passing."
2026-07-06,Jen,Platform,"Paired with the team on onboarding screens, tests are passing."
2026-07-06,Tom,Payments,"Finished the billing export work, moving on to code review."
2026-07-06,Sofia,Payments,"Making good progress on checkout flow, should wrap up tomorrow."
2026-07-06,Chris,Mobile,"No issues, billing export is on track."
2026-07-06,Lena,Mobile,"No issues, billing export is on track."
2026-07-05,Aisha,Platform,"Finished the billing export work, moving on to code review."
2026-07-05,Jen,Platform,"Finished the search indexing work, moving on to code review."
2026-07-05,Sofia,Payments,"No issues, billing export is on track."
2026-07-05,Ravi,Payments,"Paired with the team on onboarding screens, tests are passing."
2026-07-05,Lena,Mobile,"No issues, onboarding screens is on track."
2026-07-05,Priya,Mobile,"Making good progress on onboarding screens, should wrap up tomorrow."
2026-07-04,Marco,Platform,"Finished the checkout flow work, moving on to code review."
2026-07-04,Aisha,Platform,"Closed out dashboard charts yesterday, picking up the next item."
2026-07-04,Sofia,Payments,"Closed out search indexing yesterday, picking up the next item."
2026-07-04,Tom,Payments,"Finished the search indexing work, moving on to code review."
2026-07-04,Chris,Mobile,"Finished the billing export work, moving on to code review."
2026-07-04,Priya,Mobile,"Making good progress on billing export, should wrap up tomorrow."
2026-07-03,Jen,Platform,"Making good progress on rate limiter, should wrap up tomorrow."
2026-07-03,Marco,Platform,"Making good progress on login refactor, should wrap up tomorrow."
2026-07-03,Sofia,Payments,"Finished the onboarding screens work, moving on to code review."
2026-07-03,Ravi,Payments,"No issues, checkout flow is on track."
2026-07-03,Lena,Mobile,"Finished the billing export work, moving on to code review."
2026-07-03,Priya,Mobile,"Making good progress on rate limiter, should wrap up tomorrow."
2026-07-02,Marco,Platform,"Making good progress on rate limiter, should wrap up tomorrow."
2026-07-02,Jen,Platform,"Finished the push notifications work, moving on to code review."
2026-07-02,Sofia,Payments,"Closed out login refactor yesterday, picking up the next item."
2026-07-02,Ravi,Payments,"Closed out login refactor yesterday, picking up the next item."
2026-07-02,Chris,Mobile,"Making good progress on billing export, should wrap up tomorrow."
2026-07-02,Priya,Mobile,"Paired with the team on billing export, tests are passing."
2026-07-01,Aisha,Platform,"Paired with the team on search indexing, tests are passing."
2026-07-01,Jen,Platform,"Finished the onboarding screens work, moving on to code review."
2026-07-01,Tom,Payments,"Finished the checkout flow work, moving on to code review."
2026-07-01,Ravi,Payments,"Making good progress on checkout flow, should wrap up tomorrow."
2026-07-01,Priya,Mobile,"Making good progress on rate limiter, should wrap up tomorrow."
2026-07-01,Lena,Mobile,"Finished the billing export work, moving on to code review."
2026-06-30,Jen,Platform,"No issues, checkout flow is on track."
2026-06-30,Aisha,Platform,"Closed out dashboard charts yesterday, picking up the next item."
2026-06-30,Sofia,Payments,"Paired with the team on billing export, tests are passing."
2026-06-30,Ravi,Payments,"Paired with the team on rate limiter, tests are passing."
2026-06-30,Lena,Mobile,"Closed out dashboard charts yesterday, picking up the next item."
2026-06-30,Chris,Mobile,"Finished the search indexing work, moving on to code review."
2026-06-29,Marco,Platform,"Finished the billing export work, moving on to code review."
2026-06-29,Aisha,Platform,"No issues, login refactor is on track."
2026-06-29,Ravi,Payments,"Finished the billing export work, moving on to code review."
2026-06-29,Sofia,Payments,"Paired with the team on login refactor, tests are passing."
2026-06-29,Lena,Mobile,"No issues, login refactor is on track."
2026-06-29,Chris,Mobile,"No issues, search indexing is on track."
2026-06-28,Jen,Platform,"Finished the push notifications work, moving on to code review."
2026-06-28,Marco,Platform,"Paired with the team on checkout flow, tests are passing."
2026-06-28,Ravi,Payments,"Paired with the team on login refactor, tests are passing."
2026-06-28,Tom,Payments,"No issues, billing export is on track."
2026-06-28,Priya,Mobile,"Making good progress on login refactor, should wrap up tomorrow."
2026-06-28,Chris,Mobile,"No issues, onboarding screens is on track."
2026-06-27,Marco,Platform,"Finished the rate limiter work, moving on to code review."
2026-06-27,Aisha,Platform,"Paired with the team on search indexing, tests are passing."
2026-06-27,Ravi,Payments,"Making good progress on login refactor, should wrap up tomorrow."
2026-06-27,Sofia,Payments,"Making good progress on onboarding screens, should wrap up tomorrow."
2026-06-27,Priya,Mobile,"No issues, search indexing is on track."
2026-06-27,Chris,Mobile,"Finished the checkout flow work, moving on to code review."
2026-07-05,Ravi,Payments,"Still waiting on the auth team for the token format, can't move forward."
2026-07-04,Ravi,Payments,"Still waiting on the auth team for the token format, can't move forward."
2026-07-03,Ravi,Payments,"Still waiting on the auth team for the token format, can't move forward."
2026-07-04,Lena,Mobile,"The offline mode work might slip, scope grew after design review."
2026-07-05,Jen,Platform,We need sign-off from legal before enabling data export.
